<?xml version="1.0" encoding="UTF-8"?>
<templates id="template" xml:space="preserve">
    <t t-name="OrderReceipt">
        <div class="pos-receipt">
            <t t-if='receipt.company.logo'>
                <img class="pos-receipt-logo" t-att-src='receipt.company.logo' alt="Logo"/>
                <br/>
            </t>
            <t t-if='!receipt.company.logo'>
                <h2 class="pos-receipt-center-align">
                    <t t-esc='receipt.company.name'/>
                </h2>
                <br/>
            </t>
            <div class="pos-receipt-contact">
                <t t-if='receipt.company.contact_address'>
                    <div><t t-esc='receipt.company.contact_address' /></div>
                </t>
                <t t-if='receipt.company.phone'>
                    <div>Tel:<t t-esc='receipt.company.phone'/></div>
                </t>

                <t t-if='receipt.company.email'>
                    <div><t t-esc='receipt.company.email' /></div>
                </t>
                <t t-if='receipt.company.website'>
                    <div><t t-esc='receipt.company.website' /></div>
                </t>
                <t t-if='receipt.header_html'>
                    <t t-raw='receipt.header_html'/>
                </t>
                <t t-if='!receipt.header_html and receipt.header'>
                    <div><t t-esc='receipt.header' /></div>
                </t>
                <t t-if='receipt.cashier'>
                    <div class='cashier'>
                        <div>--------------------------------</div>
                        <div>Served by البائع- <t t-esc='receipt.cashier'/></div>
                    </div>
                </t>
            </div>
            <br/><br/>

            <!-- einv- header-->
            <div class="einv-header">
                 <div class="einv-header" style='text-align:center;border-bottom: 1px dashed black;margin-bottom:3px'>
                    <div><strong> فاتورة ضريبية مبسطة </strong></div>
                     <div> <strong> SIMPLIFIED TAX INVOICE </strong></div>
                </div>
                <table class='receipt-orderlines'>
                    <colgroup>
                        <col width='35%'/>
                        <col width='65%'/>
                    </colgroup>
                    <tr style="border-bottom: 1px solid #e6e6e6">
                        <td style='text-align:left'>Invoice No:<br/> رقم الفاتورة </td>
                        <td>
                            <span t-esc="receipt.name"/>
                        </td>

                    </tr>

                    <tr style="border-bottom: 1px solid #e6e6e6">
                        <td>Issue Date: <br/> تاريخ الإصدار </td>
                        <td>
                            <span t-esc="receipt.date.localestring"/>
                        </td>
                    </tr>
                    <tr t-if="receipt.company.vat" style="border-bottom: 0px solid #cccccc;">
                        <td>VAT No: <br/>الرقم الضريبي </td>
                        <td>
                            <t t-esc="receipt.company.vat"/>
                        </td>
                    </tr>

                </table>
                <br/>
            </div>

            <!-- Orderlines -->
            <div class="einv-orderlines">
                <table class='receipt-orderlines'>
                    <colgroup>
                        <col width='30%'/>
                        <col width='15%'/>
                        <col width='20%'/>
                        <col width='30%'/>
                    </colgroup>
                    <tr style="border-bottom: 1px dashed black;border-top: 1px dashed black;">
                        <th style='text-align:left'>Item <br/> الصنف </th>
                        <th style='text-align:center'>Qty <br/> الكمية</th>
                        <th style='text-align:center'>U.P <br/> سعر الوحدة</th>
                        <th style='text-align:center'>P.VAT السعر <br/> مع الضريبة </th>
                    </tr>
                    <tr t-foreach="receipt.orderlines" t-as="line" t-key="line.id">
                        <td>
                            <t t-esc="line.product_name_wrapped[0]"/>
                            <t t-if="line.discount> 0">
                                <div class="pos-disc-font">
                                    With a <t t-esc="line.discount"/>% discount
                                </div>
                            </t>
                        </td>
                        <td style='text-align:center'>
                            <t t-esc="line.quantity"/>
                            <!--                            <t t-esc="orderline.get_quantity_str_with_unit()"/>-->
                        </td>
                        <td style='text-align:center'>
                            <t t-esc="widget.format_currency_no_symbol(line.price)"></t>
                        </td>
                        <td style='text-align:right'>
                            <t t-esc="widget.format_currency_no_symbol(line.price_with_tax_before_discount)"/>
                        </td>
                    </tr>
                </table>
            </div>
            <div>
            <!--            <div class='orderlines'>-->
                <!--                <t t-foreach='receipt.orderlines' t-as='line'>-->
                <!--                    <t t-set='simple'-->
                <!--                       t-value='(line.discount === 0 and line.unit_name === "Units" and line.quantity === 1 and !discount_to_show and !(line.display_discount_policy == "without_discount" &amp;&amp; line.price != line.price_lst))'/>-->
                <!--                    <t t-if='simple'>-->
                <!--                        <div><t t-esc='line.product_name_wrapped[0]' /><span-->
                <!--                                t-esc='widget.format_currency_no_symbol(line.price_display)'-->
                <!--                                class="price_display pos-receipt-right-align"/></div><t-->
                <!--                            t-call="OrderReceiptWrappedProductNameLines"/></t>-->
                <!--                    <t t-if='!simple'>-->
                <!--                        <div t-esc='line.product_name_wrapped[0]'/><t t-call="OrderReceiptWrappedProductNameLines"/><t-->
                <!--                            t-if="line.display_discount_policy == 'without_discount' &amp;&amp; line.price != line.price_lst"><div class="pos-receipt-left-padding"><t t-esc="widget.format_currency_no_symbol(line.price_lst)" />-><t-->
                <!--                            t-esc="widget.format_currency_no_symbol(line.price)"/></div>-->
                <!--                        </t>-->
                <!--                        <t t-elif='line.discount !== 0'>-->
                <!--                            <div class="pos-receipt-left-padding">-->
                <!--                                <t t-if="pos.config.iface_tax_included === 'total'">-->
                <!--                                    <t t-esc="widget.format_currency_no_symbol(line.price_with_tax_before_discount)"/>-->
                <!--                                </t>-->
                <!--                                <t t-else="">-->
                <!--                                    <t t-esc="widget.format_currency_no_symbol(line.price)"/>-->
                <!--                                </t>-->
                <!--                            </div>-->
                <!--                        </t>-->
                <!--                        <t t-if='line.discount !== 0'>-->
                <!--                            <div class="pos-receipt-left-padding">-->
                <!--                                Discount: <t t-esc='line.discount'/>%-->
                <!--                            </div>-->
                <!--                        </t>-->
                <!--                        <div class="pos-receipt-left-padding">-->
                <!--                            <t t-esc="Math.round(line.quantity * Math.pow(10, pos.dp['Product Unit of Measure'])) / Math.pow(10, pos.dp['Product Unit of Measure'])"/>-->
                <!--                            <t t-if='line.unit_name !== "Units"' t-esc='line.unit_name'/>-->
                <!--                            x-->
                <!--                            <t t-esc='widget.format_currency_no_symbol(line.price_display_one)'/>-->
                <!--                            <span class="price_display pos-receipt-right-align">-->
                <!--                                <t t-esc='widget.format_currency_no_symbol(line.price_display)'/>-->
                <!--                            </span>-->
                <!--                        </div>-->
                <!--                    </t>-->
                <!--                </t>-->
                <!--            </div>-->
            </div>

            <!-- Subtotal -->

            <t t-set='taxincluded' t-value='Math.abs(receipt.subtotal - receipt.total_with_tax) &lt;= 0.000001'/>

            <!--Tax-->
            <div class="einv-tax">
                  <t t-if='!taxincluded'>
                  <div class="pos-receipt-right-align">--------</div>
                      <br/>
                      <div>
                          <div class="pos-receipt-left-align" style="float:left;margin-bottom: 20px;">
                    <div>Total Taxable (Excluding VAT)</div>
                              <div> الاجمالي الخاضع للضريبة</div>
                </div>
                          <span t-esc="widget.format_currency(receipt.subtotal)" class="pos-receipt-right-align"
                                style="margin-top:5px"/>
                          <br/>
                       </div>
                      <t t-foreach="receipt.tax_details" t-as="tax" t-key="tax.name">
                <div style="margin-top: 20px;margin-bottom: 20px;">
                     <div class="pos-receipt-left-align" style="float:left">
                        <div>Total VAT</div>
                         <div> مجموع ضريبة القيمة المضافة</div>
                     </div>
                    <div class="pos-receipt-right-align" style="margin-top:5px">
                        <span t-esc='widget.format_currency(tax.amount)'/>
                    </div>

                    <br/>
                </div>
            </t>
                </t>
            </div>

            <!-- Total -->
            <br/>
            <br/>
            <div class="einv-receipt-amount">
              <div class="pos-receipt-amount" style="padding:0px;">
              <div class="pos-receipt-left-align" style="float:left;margin-bottom: 30px;">
                  <div>Total Amount</div>
                  <div>إجمالي المبلغ المستحق</div>
              </div>
                  <span t-esc="widget.format_currency(receipt.total_with_tax)" class="pos-receipt-right-align"
                        style="margin-top:10px"/>
                  <br/>
            </div>
            </div>
            <br/>
            <br/>

            <!-- Payment Lines -->
            <div class="einv-payment">
                  <div style="margin-bottom:30px;margin-top:10px">
                <t t-foreach="paymentlines" t-as="line" t-key="line.cid">
                    <div>
                         <div class="pos-receipt-left-align" style="float:left;margin-bottom: 5px;">
                        <div><t t-esc="line.name" /> </div>
                             <div>المدفوع</div>
                     </div>
                        <span t-esc="widget.format_currency_no_symbol(line.get_amount())"
                              class="pos-receipt-right-align"
                              style="margin-top:10px"/>

                        <br/>

                </div>
            </t>
            </div>
            </div>

            <br/>

            <div class="pos-receipt-amount receipt-change" style="padding:0px;">
             <div class="pos-receipt-left-align" style="float:left;margin-bottom: 10px;">
                    <div>CHANGE</div>
                 <div>المتبقي</div>
              </div>
                <span t-esc="widget.format_currency(receipt.change)" class="pos-receipt-right-align"
                      style="margin-top:10px"/>


         </div>

            <br/>

            <!-- Extra Payment Info -->

            <t t-if='receipt.total_discount'>
                <div>
                    Discounts
                    <span t-esc='widget.format_currency(receipt.total_discount)' class="pos-receipt-right-align"/>
                </div>
            </t>
            <t t-if='taxincluded'>
                <t t-foreach='receipt.tax_details' t-as='tax'>
                    <div>
                        <t t-esc='tax.name'/>
                        <span t-esc='widget.format_currency_no_symbol(tax.amount)' class="pos-receipt-right-align"/>
                    </div>
                </t>
                <div>
                    Total Taxes
                    <span t-esc='widget.format_currency(receipt.total_tax)' class="pos-receipt-right-align"/>
                </div>
            </t>

            <div class='before-footer'/>

            <!-- Footer -->
            <div t-if='receipt.footer_html' class="pos-receipt-center-align">
                <t t-raw='receipt.footer_html'/>
            </div>

            <div t-if='!receipt.footer_html and receipt.footer' class="pos-receipt-center-align"
                 style="white-space:pre-line">
                <t t-esc='receipt.footer'/>
            </div>
            <br/>

            <div class='after-footer'>
                <t t-foreach='paymentlines' t-as='line'>
                    <t t-if='line.ticket'>
                        <br/>
                        <div class="pos-payment-terminal-receipt">
                            <t t-raw='line.ticket'/>
                        </div>
                    </t>
                </t>
            </div>

            <br/>

            <!-- QR Code-->
            <div class="einv-qr">
                    <div t-attf-id="qrcode_container">
                        <div id="qrcode"></div>
                        <!--<script type="text/javascript"> new QRCode(document.getElementById("qrcode_id"), qr_data);</script>-->
                        <script type="text/javascript">
                            var qr_data ="Seller : <t t-esc="receipt.company.name"/>;Invoice_No : <t
                                t-esc="receipt.name"/>;Date : <t t-esc="receipt.date.localestring"/>;Total_Vat : <t
                                t-esc="widget.format_currency(receipt.total_tax)"/>;Total_Amount_Due : <t
                                t-esc="widget.format_currency(receipt.total_with_tax)"/>;<t t-if="receipt.company.vat">Vat_No :<t
                                t-esc="receipt.company.vat"/><t>ؘ</t></t>";


                            <!--                            console.log('1-',qr_data);-->

                            var qrcode = new QRCode('qrcode' , {
                            text: qr_data,
                            width: 160,
                            height: 160,
                            colorDark : "#000000",
                            colorLight : "#ffffff",
                            correctLevel : QRCode.CorrectLevel.H
                            });
                            qrcode.makeCode(qr_data);

                            $("#qrcode > img").css({"margin":"20px auto"});
                        </script>
                    </div>
            </div>

        </div>
    </t>
</templates>